;;;overall LPI score;;;overall LPI rank;;;;Customs;;Infrastructure;;International shipments;;Logistics quality and competence;;Tracking and tracing;;Timeliness;
Country;Code;Year;score;lower bound;upper bound;rank;lower bound;upper bound;% of highest performer;score;rank;score;rank;score;rank;score;rank;score;rank;score;rank
Germany;DEU;2014;4,12;4,07;4,17;1;1;1;100,0;4,10;2;4,32;1;3,74;4;4,12;3;4,17;1;4,36;4
Netherlands;NLD;2014;4,05;3,97;4,12;2;2;5;97,6;3,96;4;4,23;3;3,64;11;4,13;2;4,07;6;4,34;6
Belgium;BEL;2014;4,04;3,96;4,13;3;1;6;97,5;3,80;11;4,10;8;3,80;2;4,11;4;4,11;4;4,39;2
United Kingdom;GBR;2014;4,01;3,96;4,07;4;2;5;96,6;3,94;5;4,16;6;3,63;12;4,03;5;4,08;5;4,33;7
Singapore;SGP;2014;4,00;3,95;4,06;5;2;7;96,2;4,01;3;4,28;2;3,70;6;3,97;8;3,90;11;4,25;9
Sweden;SWE;2014;3,96;3,68;4,24;6;1;20;94,9;3,75;15;4,09;9;3,76;3;3,98;6;3,98;7;4,26;8
Norway;NOR;2014;3,96;3,69;4,22;7;1;19;94,8;4,21;1;4,19;4;3,42;30;4,19;1;3,50;31;4,36;5
Luxembourg;LUX;2014;3,95;3,65;4,24;8;1;21;94,4;3,82;10;3,91;15;3,82;1;3,78;14;3,68;22;4,71;1
United States;USA;2014;3,92;3,87;3,97;9;6;10;93,5;3,73;16;4,18;5;3,45;26;3,97;7;4,14;2;4,14;14
Japan;JPN;2014;3,91;3,85;3,97;10;6;12;93,4;3,78;14;4,16;7;3,52;19;3,93;11;3,95;9;4,24;10
Ireland;IRL;2014;3,87;3,73;4,01;11;5;17;91,9;3,80;12;3,84;16;3,44;27;3,94;9;4,13;3;4,13;16
Canada;CAN;2014;3,86;3,77;3,95;12;9;17;91,5;3,61;20;4,05;10;3,46;23;3,94;10;3,97;8;4,18;11
France;FRA;2014;3,85;3,77;3,92;13;9;17;91,2;3,65;18;3,98;13;3,68;7;3,75;15;3,89;12;4,17;13
Switzerland;CHE;2014;3,84;3,78;3,91;14;11;17;91,1;3,92;7;4,04;11;3,58;15;3,75;16;3,79;18;4,06;21
Hong Kong SAR, China;HKG;2014;3,83;3,77;3,89;15;11;17;90,5;3,72;17;3,97;14;3,58;14;3,81;13;3,87;13;4,06;18
Australia;AUS;2014;3,81;3,74;3,88;16;11;17;90,0;3,85;9;4,00;12;3,52;18;3,75;17;3,81;16;4,00;26
Denmark;DNK;2014;3,78;3,52;4,05;17;2;28;89,1;3,79;13;3,82;17;3,65;9;3,74;18;3,36;36;4,39;3
Spain;ESP;2014;3,72;3,63;3,80;18;17;23;87,1;3,63;19;3,77;20;3,51;21;3,83;12;3,54;26;4,07;17
Taiwan;TWN;2014;3,72;3,62;3,81;19;16;23;87,0;3,55;21;3,64;24;3,71;5;3,60;25;3,79;17;4,02;25
Italy;ITA;2014;3,69;3,64;3,74;20;18;23;86,2;3,36;29;3,78;19;3,54;17;3,62;23;3,84;14;4,05;22
Korea, Rep.;KOR;2014;3,67;3,58;3,75;21;18;25;85,4;3,47;24;3,79;18;3,44;28;3,66;21;3,69;21;4,00;28
Austria;AUT;2014;3,65;3,41;3,89;22;11;35;84,8;3,53;23;3,64;25;3,26;40;3,56;26;3,93;10;4,04;23
New Zealand;NZL;2014;3,64;3,28;4,01;23;5;39;84,7;3,92;6;3,67;22;3,67;8;3,56;27;3,33;38;3,72;40
Finland;FIN;2014;3,62;3,32;3,93;24;9;39;84,0;3,89;8;3,52;28;3,52;20;3,72;19;3,31;39;3,80;38
Malaysia;MYS;2014;3,59;3,52;3,66;25;22;28;83,0;3,37;27;3,56;26;3,64;10;3,47;32;3,58;23;3,92;31
Portugal;PRT;2014;3,56;3,34;3,78;26;18;39;82,0;3,26;31;3,37;31;3,43;29;3,71;20;3,71;20;3,87;35
United Arab Emirates;ARE;2014;3,54;3,48;3,60;27;25;32;81,3;3,42;25;3,70;21;3,20;43;3,50;31;3,57;24;3,92;32
China;CHN;2014;3,53;3,48;3,59;28;26;32;81,1;3,21;38;3,67;23;3,50;22;3,46;35;3,50;29;3,87;36
Qatar;QAT;2014;3,52;3,34;3,70;29;20;39;80,6;3,21;37;3,44;29;3,55;16;3,55;28;3,47;32;3,87;34
Turkey;TUR;2014;3,50;3,43;3,57;30;26;35;80,1;3,23;34;3,53;27;3,18;48;3,64;22;3,77;19;3,68;41
Poland;POL;2014;3,49;3,35;3,64;31;24;38;79,9;3,26;32;3,08;46;3,46;24;3,47;33;3,54;27;4,13;15
Czech Republic;CZE;2014;3,49;3,31;3,67;32;21;39;79,8;3,24;33;3,29;36;3,59;13;3,51;29;3,56;25;3,73;39
Hungary;HUN;2014;3,46;3,32;3,61;33;25;39;78,9;2,97;48;3,18;40;3,40;32;3,33;37;3,82;15;4,06;20
South Africa;ZAF;2014;3,43;3,23;3,64;34;24;43;77,9;3,11;42;3,20;38;3,45;25;3,62;24;3,30;41;3,88;33
Thailand;THA;2014;3,43;3,33;3,53;35;29;39;77,8;3,21;36;3,40;30;3,30;39;3,29;38;3,45;33;3,96;29
Latvia;LVA;2014;3,40;3,20;3,61;36;25;44;77,0;3,22;35;3,03;51;3,38;33;3,21;42;3,50;30;4,06;19
Iceland;ISL;2014;3,39;3,13;3,65;37;22;49;76,6;3,54;22;3,34;33;3,15;49;3,46;34;3,38;35;3,51;53
Slovenia;SVN;2014;3,38;3,20;3,56;38;26;43;76,3;3,11;41;3,35;32;3,05;57;3,51;30;3,51;28;3,82;37
Estonia;EST;2014;3,35;3,00;3,69;39;20;58;75,1;3,40;26;3,34;35;3,34;34;3,27;39;3,20;47;3,55;49
Romania;ROM;2014;3,26;3,08;3,44;40;34;54;72,4;2,83;59;2,77;64;3,32;36;3,20;43;3,39;34;4,00;27
Israel;ISR;2014;3,26;3,11;3,41;41;36;50;72,4;3,10;43;3,11;45;2,71;96;3,35;36;3,20;46;4,18;12
Chile;CHL;2014;3,26;3,12;3,39;42;38;50;72,3;3,17;39;3,17;41;3,12;53;3,19;44;3,30;40;3,59;44
Slovak Republic;SVK;2014;3,25;3,03;3,48;43;33;55;72,2;2,89;52;3,22;37;3,30;38;3,16;46;3,02;63;3,94;30
Greece;GRC;2014;3,20;3,08;3,32;44;40;52;70,5;3,36;28;3,17;42;2,97;62;3,23;40;3,03;61;3,50;54
Panama;PAN;2014;3,19;3,00;3,38;45;38;57;70,3;3,15;40;3,00;52;3,18;47;2,87;68;3,34;37;3,63;42
Lithuania;LTU;2014;3,18;2,88;3,47;46;33;66;69,8;3,04;44;3,18;39;3,10;55;2,99;57;3,17;49;3,60;43
Bulgaria;BGR;2014;3,16;3,00;3,31;47;40;57;69,1;2,75;64;2,94;53;3,31;37;3,00;55;2,88;76;4,04;24
Vietnam;VNM;2014;3,15;2,99;3,32;48;40;59;69,0;2,81;61;3,11;44;3,22;42;3,09;49;3,19;48;3,49;56
Saudi Arabia;SAU;2014;3,15;3,10;3,20;49;45;51;68,8;2,86;56;3,34;34;2,93;70;3,11;48;3,15;54;3,55;47
Mexico;MEX;2014;3,13;3,03;3,23;50;44;55;68,2;2,69;70;3,04;50;3,19;46;3,12;47;3,14;55;3,57;46
Malta;MLT;2014;3,11;2,85;3,36;51;39;69;67,5;3,00;46;3,08;47;3,23;41;3,00;54;3,15;52;3,15;81
Bahrain;BHR;2014;3,08;2,45;3,71;52;20;124;66,7;3,29;30;3,04;49;3,04;58;3,04;51;3,29;42;2,80;119
Indonesia;IDN;2014;3,08;2,89;3,27;53;40;66;66,7;2,87;55;2,92;56;2,87;74;3,21;41;3,11;58;3,53;50
India;IND;2014;3,08;3,01;3,15;54;49;56;66,6;2,72;65;2,88;58;3,20;44;3,03;52;3,11;57;3,51;51
Croatia;HRV;2014;3,05;2,80;3,30;55;40;76;65,8;2,95;50;2,92;55;2,98;61;3,00;56;3,11;59;3,37;62
Kuwait;KWT;2014;3,01;2,79;3,23;56;44;77;64,4;2,69;68;3,16;43;2,76;89;2,96;59;3,16;50;3,39;60
Philippines;PHL;2014;3,00;2,78;3,23;57;44;78;64,2;3,00;47;2,60;75;3,33;35;2,93;61;3,00;64;3,07;90
Cyprus;CYP;2014;3,00;2,67;3,33;58;40;92;64,1;2,88;53;2,87;59;3,01;60;2,92;63;3,00;65;3,31;65
Oman;OMN;2014;3,00;2,85;3,14;59;50;69;63,9;2,63;74;2,88;57;3,41;31;2,84;73;2,84;80;3,29;67
Argentina;ARG;2014;2,99;2,87;3,10;60;52;68;63,6;2,55;85;2,83;63;2,96;64;2,93;62;3,15;53;3,49;55
Ukraine;UKR;2014;2,98;2,84;3,11;61;51;71;63,3;2,69;69;2,65;71;2,95;67;2,84;72;3,20;45;3,51;52
Egypt, Arab Rep.;EGY;2014;2,97;2,63;3,30;62;40;99;63,0;2,85;57;2,86;60;2,87;77;2,99;58;3,23;43;2,99;99
Serbia;SRB;2014;2,96;2,75;3,17;63;47;80;62,9;2,37;113;2,73;66;3,12;54;3,02;53;2,94;69;3,55;48
El Salvador;SLV;2014;2,96;2,81;3,11;64;51;74;62,8;2,93;51;2,63;72;3,20;45;3,16;45;3,00;66;2,75;128
Brazil;BRA;2014;2,94;2,84;3,05;65;56;70;62,3;2,48;94;2,93;54;2,80;81;3,05;50;3,03;62;3,39;61
Bahamas, The;BHS;2014;2,91;2,70;3,12;66;51;86;61,2;3,00;45;2,74;65;2,96;63;2,92;64;2,64;99;3,19;72
Montenegro;MNE;2014;2,88;2,59;3,16;67;47;104;60,1;2,83;60;2,84;62;3,15;51;2,45;117;2,76;84;3,19;73
Jordan;JOR;2014;2,87;2,70;3,05;68;56;86;60,0;2,60;78;2,59;76;2,96;65;2,94;60;2,67;96;3,46;58
Dominican Republic;DOM;2014;2,86;2,61;3,11;69;51;102;59,6;2,58;80;2,61;73;2,93;71;2,91;65;2,91;72;3,18;76
Jamaica;JAM;2014;2,84;2,45;3,24;70;44;125;59,0;2,88;54;2,84;61;2,79;86;2,72;84;2,72;89;3,14;83
Peru;PER;2014;2,84;2,69;2,99;71;60;90;59,0;2,47;96;2,72;67;2,94;69;2,78;76;2,81;83;3,30;66
Pakistan;PAK;2014;2,83;2,59;3,06;72;55;106;58,5;2,84;58;2,67;69;3,08;56;2,79;75;2,73;86;2,79;123
Malawi;MWI;2014;2,81;2,59;3,03;73;56;104;58,1;2,79;62;3,04;48;2,63;108;2,86;70;2,63;100;2,99;100
Kenya;KEN;2014;2,81;2,48;3,14;74;50;120;58,0;1,96;151;2,40;102;3,15;50;2,65;90;3,03;60;3,58;45
Nigeria;NGA;2014;2,81;2,62;3,00;75;59;100;57,9;2,35;117;2,56;83;2,63;107;2,70;85;3,16;51;3,46;57
Venezuela, RB;VEN;2014;2,81;2,63;2,99;76;60;99;57,9;2,39;109;2,61;74;2,94;68;2,76;77;2,92;70;3,18;74
Guatemala;GTM;2014;2,80;2,66;2,93;77;66;92;57,6;2,75;63;2,54;88;2,87;76;2,68;87;2,68;93;3,24;68
Paraguay;PRY;2014;2,78;2,64;2,92;78;66;96;57,0;2,49;90;2,46;97;2,83;79;2,76;78;2,89;74;3,22;70
Côte d'Ivoire;CIV;2014;2,76;2,53;2,99;79;60;112;56,4;2,33;120;2,41;101;2,87;75;2,62;95;2,97;67;3,31;64
Rwanda;RWA;2014;2,76;2,49;3,03;80;56;120;56,3;2,50;89;2,32;113;2,78;88;2,64;92;2,94;68;3,34;63
Bosnia and Herzegovina;BIH;2014;2,75;2,52;2,97;81;62;114;56,0;2,41;105;2,55;84;2,78;87;2,73;81;2,55;107;3,44;59
Maldives;MDV;2014;2,75;2,45;3,04;82;56;124;56,0;2,95;49;2,56;82;2,92;72;2,79;74;2,70;92;2,51;148
Cambodia;KHM;2014;2,74;2,44;3,04;83;56;125;55,8;2,67;71;2,58;79;2,83;78;2,67;89;2,92;71;2,75;129
Sco Tomi and Principe;STP;2014;2,73;2,46;3,01;84;56;124;55,5;2,42;103;2,59;78;2,95;66;2,50;109;3,13;56;2,77;125
Lebanon;LBN;2014;2,73;2,36;3,10;85;52;135;55,3;2,29;124;2,53;89;2,53;118;2,89;67;3,22;44;2,89;108
Ecuador;ECU;2014;2,71;2,53;2,89;86;67;112;54,8;2,49;92;2,50;94;2,79;83;2,61;97;2,67;95;3,18;77
Costa Rica;CRI;2014;2,70;2,53;2,87;87;69;112;54,5;2,39;110;2,43;99;2,63;106;2,86;69;2,83;82;3,04;95
Kazakhstan;KAZ;2014;2,70;2,47;2,93;88;66;121;54,4;2,33;121;2,38;106;2,68;100;2,72;83;2,83;81;3,24;69
Sri Lanka;LKA;2014;2,70;2,48;2,91;89;67;120;54,3;2,56;84;2,23;126;2,56;115;2,91;66;2,76;85;3,12;85
Russian Federation;RUS;2014;2,69;2,60;2,79;90;78;103;54,3;2,20;133;2,59;77;2,64;102;2,74;80;2,85;79;3,14;84
Uruguay;URY;2014;2,68;2,51;2,85;91;70;115;53,8;2,39;111;2,51;90;2,64;103;2,58;100;2,89;75;3,06;91
Armenia;ARM;2014;2,67;2,35;2,99;92;60;136;53,6;2,63;75;2,38;107;2,75;90;2,75;79;2,50;114;3,00;98
Namibia;NAM;2014;2,66;2,35;2,96;93;64;136;53,1;2,27;125;2,57;81;2,70;97;2,69;86;2,56;106;3,15;82
Moldova;MDA;2014;2,65;2,42;2,89;94;67;127;53,0;2,46;98;2,55;85;3,14;52;2,44;118;2,35;131;2,89;109
Nicaragua;NIC;2014;2,65;2,42;2,88;95;67;127;53,0;2,66;72;2,20;130;2,69;98;2,58;98;2,58;104;3,17;79
Algeria;DZA;2014;2,65;2,40;2,90;96;67;127;52,8;2,71;66;2,54;87;2,54;117;2,54;102;2,54;109;3,04;94
Colombia;COL;2014;2,64;2,45;2,83;97;72;125;52,5;2,59;79;2,44;98;2,72;95;2,64;91;2,55;108;2,87;111
Burkina Faso;BFA;2014;2,64;2,29;2,99;98;60;143;52,5;2,50;88;2,35;111;2,63;105;2,63;94;2,49;115;3,21;71
Belarus;BLR;2014;2,64;2,42;2,85;99;70;127;52,5;2,50;87;2,55;86;2,74;91;2,46;116;2,51;113;3,05;93
Ghana;GHA;2014;2,63;2,33;2,93;100;66;138;52,1;2,22;130;2,67;70;2,73;93;2,37;121;2,90;73;2,86;113
Senegal;SEN;2014;2,62;2,24;3,00;101;58;146;52,0;2,61;76;2,30;116;3,03;59;2,53;103;2,65;98;2,53;146
Liberia;LBR;2014;2,62;2,36;2,88;102;67;134;51,9;2,57;83;2,57;80;2,57;114;2,86;71;2,57;105;2,57;144
Honduras;HND;2014;2,61;2,42;2,79;103;78;127;51,5;2,70;67;2,24;124;2,79;85;2,47;112;2,61;101;2,79;121
Ethiopia;ETH;2014;2,59;2,04;3,15;104;49;158;51,0;2,42;102;2,17;134;2,50;121;2,62;96;2,67;97;3,17;78
Nepal;NPL;2014;2,59;2,38;2,80;105;77;132;50,9;2,31;123;2,26;122;2,64;104;2,50;107;2,72;87;3,06;92
Solomon Islands;SLB;2014;2,59;2,34;2,84;106;72;137;50,8;2,49;91;2,46;96;2,22;146;2,72;82;2,72;88;2,96;102
Burundi;BDI;2014;2,57;2,15;2,99;107;61;154;50,2;2,60;77;2,40;104;2,60;111;2,51;106;2,51;112;2,76;126
Bangladesh;BGD;2014;2,56;2,37;2,76;108;81;133;50,1;2,09;138;2,11;138;2,82;80;2,64;93;2,45;122;3,18;75
Benin;BEN;2014;2,56;2,16;2,96;109;64;153;50,0;2,64;73;2,35;109;2,69;99;2,35;123;2,45;123;2,85;115
Tunisia;TUN;2014;2,55;2,27;2,83;110;72;144;49,7;2,02;146;2,30;118;2,91;73;2,42;120;2,42;124;3,16;80
Fiji;FJI;2014;2,55;1,99;3,10;111;52;158;49,5;2,40;106;2,47;95;2,72;94;2,22;139;2,47;118;2,97;101
Angola;AGO;2014;2,54;2,29;2,80;112;77;143;49,4;2,37;114;2,11;140;2,79;84;2,31;128;2,59;103;3,02;96
Chad;TCD;2014;2,53;2,14;2,92;113;66;154;49,0;2,46;97;2,33;112;2,33;136;2,34;125;2,71;90;3,02;97
Tajikistan;TJK;2014;2,53;2,32;2,73;114;85;138;48,9;2,35;115;2,36;108;2,73;92;2,47;113;2,47;119;2,74;133
Mauritius;MUS;2014;2,51;2,22;2,81;115;73;148;48,5;2,25;128;2,50;91;2,63;109;2,48;110;2,34;133;2,88;110
Georgia;GEO;2014;2,51;2,33;2,69;116;91;138;48,3;2,21;131;2,42;100;2,32;138;2,44;119;2,59;102;3,09;87
Macedonia, FYR;MKD;2014;2,50;2,28;2,71;117;86;143;48,0;2,35;116;2,50;92;2,38;132;2,51;105;2,46;121;2,81;118
Libya;LBY;2014;2,50;2,28;2,72;118;86;143;47,9;2,41;104;2,29;119;2,29;140;2,29;131;2,85;78;2,85;114
Mali;MLI;2014;2,50;2,22;2,77;119;79;148;47,9;2,08;141;2,20;129;2,80;82;2,20;142;2,70;91;2,90;106
Botswana;BWA;2014;2,49;2,14;2,84;120;70;154;47,8;2,38;112;2,23;125;2,42;129;2,58;99;2,40;127;2,94;103
Bolivia;BOL;2014;2,48;2,16;2,80;121;78;152;47,4;2,40;108;2,17;133;2,35;135;2,68;88;2,68;94;2,60;141
Guinea;GIN;2014;2,46;2,24;2,69;122;91;146;46,9;2,34;119;2,10;141;2,47;125;2,35;124;2,41;126;3,10;86
Zambia;ZMB;2014;2,46;2,10;2,82;123;73;154;46,9;2,54;86;2,31;115;2,13;152;2,47;114;2,47;120;2,91;105
Guyana;GUY;2014;2,46;2,26;2,66;124;93;144;46,7;2,46;99;2,40;105;2,43;128;2,27;133;2,47;117;2,74;131
Azerbaijan;AZE;2014;2,45;2,15;2,75;125;81;154;46,4;2,57;82;2,71;68;2,57;113;2,14;149;2,14;148;2,57;143
Papua New Guinea;PNG;2014;2,43;2,15;2,71;126;86;154;45,8;2,40;107;2,23;127;2,47;126;2,47;115;2,27;141;2,73;135
Guinea-Bissau;GNB;2014;2,43;2,05;2,81;127;77;158;45,7;2,43;101;2,29;121;2,29;141;2,57;101;2,29;139;2,71;136
Comoros;COM;2014;2,40;2,15;2,65;128;96;153;44,9;2,58;81;2,30;117;2,51;119;2,26;134;2,37;128;2,37;154
Uzbekistan;UZB;2014;2,39;2,13;2,66;129;94;154;44,7;1,80;157;2,01;148;2,23;145;2,37;122;2,87;77;3,08;88
Niger;NER;2014;2,39;2,09;2,70;130;89;155;44,6;2,49;93;2,08;143;2,38;130;2,28;132;2,36;129;2,76;127
Lao PDR;LAO;2014;2,39;2,10;2,68;131;92;154;44,5;2,45;100;2,21;128;2,50;120;2,31;129;2,20;146;2,65;137
Madagascar;MDG;2014;2,38;2,13;2,64;132;98;154;44,3;2,06;144;2,15;136;2,38;133;2,33;127;2,29;138;3,07;89
Lesotho;LSO;2014;2,37;2,04;2,71;133;87;158;44,0;2,22;129;2,35;110;2,48;122;2,23;137;2,35;132;2,60;139
Central African Republic;CAF;2014;2,36;1,89;2,84;134;72;158;43,6;2,47;95;2,50;93;2,16;149;2,31;130;2,31;137;2,47;150
Mongolia;MNG;2014;2,36;2,09;2,62;135;102;155;43,4;2,20;132;2,29;120;2,62;110;2,33;126;2,13;149;2,51;147
Equatorial Guinea;GNQ;2014;2,35;1,98;2,73;136;85;158;43,4;2,35;118;2,11;139;2,11;153;2,20;143;2,53;110;2,86;112
Zimbabwe;ZWE;2014;2,34;1,98;2,70;137;87;158;42,9;1,89;154;2,25;123;2,25;143;2,50;108;2,22;143;2,93;104
Tanzania;TZA;2014;2,33;2,10;2,56;138;108;154;42,6;2,19;135;2,32;114;2,32;137;2,18;145;2,11;150;2,89;107
Togo;TGO;2014;2,32;2,04;2,59;139;105;158;42,2;2,09;139;2,07;145;2,47;124;2,14;150;2,49;116;2,60;140
Turkmenistan;TKM;2014;2,30;2,04;2,57;140;107;158;41,8;2,31;122;2,06;146;2,56;116;2,07;155;2,32;134;2,45;153
Iraq;IRQ;2014;2,30;2,05;2,55;141;111;158;41,6;1,98;149;2,18;131;2,31;139;2,15;147;2,31;136;2,85;116
Cameroon;CMR;2014;2,30;2,04;2,55;142;110;158;41,5;1,86;156;1,85;154;2,20;147;2,52;104;2,52;111;2,80;120
Bhutan;BTN;2014;2,29;1,99;2,59;143;104;158;41,3;2,09;140;2,18;132;2,38;131;2,48;111;2,28;140;2,28;158
Haiti;HTI;2014;2,27;2,08;2,46;144;124;156;40,7;2,25;127;2,00;151;2,27;142;2,14;148;2,32;135;2,63;138
Myanmar;MMR;2014;2,25;2,02;2,48;145;122;158;40,0;1,97;150;2,14;137;2,14;151;2,07;156;2,36;130;2,83;117
Gambia, The;GMB;2014;2,25;2,03;2,47;146;122;158;40,0;2,06;143;2,00;149;2,67;101;2,22;138;2,00;154;2,46;151
Mozambique;MOZ;2014;2,23;1,85;2,61;147;103;159;39,4;2,26;126;2,15;135;2,08;154;2,10;153;2,08;152;2,74;134
Mauritania;MRT;2014;2,23;1,86;2,60;148;104;159;39,4;1,93;152;2,40;103;2,07;155;2,06;157;2,23;142;2,75;130
Kyrgyz Republic;KGZ;2014;2,21;1,95;2,47;149;122;158;38,7;2,03;145;2,05;147;2,43;127;2,13;151;2,20;145;2,36;155
Gabon;GAB;2014;2,20;1,95;2,45;150;125;158;38,5;2,00;148;2,08;142;2,58;112;2,25;135;1,92;157;2,31;157
Yemen, Rep.;YEM;2014;2,18;1,67;2,69;151;91;160;37,9;1,63;159;1,87;153;2,35;134;2,21;141;2,21;144;2,78;124
Cuba;CUB;2014;2,18;1,91;2,45;152;126;158;37,8;2,17;136;1,84;155;2,47;123;2,08;154;1,99;156;2,45;152
Sudan;SDN;2014;2,16;1,93;2,39;153;132;158;37,2;1,87;155;1,90;152;2,23;144;2,18;144;2,42;125;2,33;156
Djibouti;DJI;2014;2,15;1,80;2,50;154;117;159;36,8;2,20;134;2,00;150;1,80;158;2,21;140;2,00;155;2,74;132
Syrian Arab Republic;SYR;2014;2,09;1,81;2,37;155;134;159;34,9;2,07;142;2,08;144;2,15;150;1,82;159;1,90;158;2,53;145
Eritrea;ERI;2014;2,08;1,78;2,39;156;132;159;34,7;1,90;153;1,68;159;1,90;157;2,23;136;2,01;153;2,79;122
Congo, Rep.;COG;2014;2,08;1,83;2,33;157;139;159;34,5;1,50;160;1,83;157;2,17;148;2,17;146;2,17;147;2,58;142
Afghanistan;AFG;2014;2,07;1,97;2,16;158;153;158;34,3;2,16;137;1,82;158;1,99;156;2,12;152;1,85;159;2,48;149
Congo, Dem. Rep.;ZAR;2014;1,88;1,60;2,15;159;154;160;28,2;1,78;158;1,83;156;1,70;160;1,84;158;2,10;151;2,04;159
Somalia;SOM;2014;1,77;1,32;2,23;160;149;160;24,8;2,00;147;1,50;160;1,75;159;1,75;160;1,75;160;1,88;160
Germany;DEU;2016;4,12;4,07;4,17;1;1;1;100,0;4,10;2;4,32;1;3,74;4;4,12;3;4,17;1;4,36;4
Netherlands;NLD;2016;4,05;3,97;4,12;2;2;5;97,6;3,96;4;4,23;3;3,64;11;4,13;2;4,07;6;4,34;6
Belgium;BEL;2016;4,04;3,96;4,13;3;1;6;97,5;3,80;11;4,10;8;3,80;2;4,11;4;4,11;4;4,39;2
United Kingdom;GBR;2016;4,01;3,96;4,07;4;2;5;96,6;3,94;5;4,16;6;3,63;12;4,03;5;4,08;5;4,33;7
Singapore;SGP;2016;4,00;3,95;4,06;5;2;7;96,2;4,01;3;4,28;2;3,70;6;3,97;8;3,90;11;4,25;9
Sweden;SWE;2016;3,96;3,68;4,24;6;1;20;94,9;3,75;15;4,09;9;3,76;3;3,98;6;3,98;7;4,26;8
Norway;NOR;2016;3,96;3,69;4,22;7;1;19;94,8;4,21;1;4,19;4;3,42;30;4,19;1;3,50;31;4,36;5
Luxembourg;LUX;2016;3,95;3,65;4,24;8;1;21;94,4;3,82;10;3,91;15;3,82;1;3,78;14;3,68;22;4,71;1
United States;USA;2016;3,92;3,87;3,97;9;6;10;93,5;3,73;16;4,18;5;3,45;26;3,97;7;4,14;2;4,14;14
Japan;JPN;2016;3,91;3,85;3,97;10;6;12;93,4;3,78;14;4,16;7;3,52;19;3,93;11;3,95;9;4,24;10
Ireland;IRL;2016;3,87;3,73;4,01;11;5;17;91,9;3,80;12;3,84;16;3,44;27;3,94;9;4,13;3;4,13;16
Canada;CAN;2016;3,86;3,77;3,95;12;9;17;91,5;3,61;20;4,05;10;3,46;23;3,94;10;3,97;8;4,18;11
France;FRA;2016;3,85;3,77;3,92;13;9;17;91,2;3,65;18;3,98;13;3,68;7;3,75;15;3,89;12;4,17;13
Switzerland;CHE;2016;3,84;3,78;3,91;14;11;17;91,1;3,92;7;4,04;11;3,58;15;3,75;16;3,79;18;4,06;21
Hong Kong SAR, China;HKG;2016;3,83;3,77;3,89;15;11;17;90,5;3,72;17;3,97;14;3,58;14;3,81;13;3,87;13;4,06;18
Australia;AUS;2016;3,81;3,74;3,88;16;11;17;90,0;3,85;9;4,00;12;3,52;18;3,75;17;3,81;16;4,00;26
Denmark;DNK;2016;3,78;3,52;4,05;17;2;28;89,1;3,79;13;3,82;17;3,65;9;3,74;18;3,36;36;4,39;3
Spain;ESP;2016;3,72;3,63;3,80;18;17;23;87,1;3,63;19;3,77;20;3,51;21;3,83;12;3,54;26;4,07;17
Taiwan;TWN;2016;3,72;3,62;3,81;19;16;23;87,0;3,55;21;3,64;24;3,71;5;3,60;25;3,79;17;4,02;25
Italy;ITA;2016;3,69;3,64;3,74;20;18;23;86,2;3,36;29;3,78;19;3,54;17;3,62;23;3,84;14;4,05;22
Korea, Rep.;KOR;2016;3,67;3,58;3,75;21;18;25;85,4;3,47;24;3,79;18;3,44;28;3,66;21;3,69;21;4,00;28
Austria;AUT;2016;3,65;3,41;3,89;22;11;35;84,8;3,53;23;3,64;25;3,26;40;3,56;26;3,93;10;4,04;23
New Zealand;NZL;2016;3,64;3,28;4,01;23;5;39;84,7;3,92;6;3,67;22;3,67;8;3,56;27;3,33;38;3,72;40
Finland;FIN;2016;3,62;3,32;3,93;24;9;39;84,0;3,89;8;3,52;28;3,52;20;3,72;19;3,31;39;3,80;38
Malaysia;MYS;2016;3,59;3,52;3,66;25;22;28;83,0;3,37;27;3,56;26;3,64;10;3,47;32;3,58;23;3,92;31
Portugal;PRT;2016;3,56;3,34;3,78;26;18;39;82,0;3,26;31;3,37;31;3,43;29;3,71;20;3,71;20;3,87;35
United Arab Emirates;ARE;2016;3,54;3,48;3,60;27;25;32;81,3;3,42;25;3,70;21;3,20;43;3,50;31;3,57;24;3,92;32
China;CHN;2016;3,53;3,48;3,59;28;26;32;81,1;3,21;38;3,67;23;3,50;22;3,46;35;3,50;29;3,87;36
Qatar;QAT;2016;3,52;3,34;3,70;29;20;39;80,6;3,21;37;3,44;29;3,55;16;3,55;28;3,47;32;3,87;34
Turkey;TUR;2016;3,50;3,43;3,57;30;26;35;80,1;3,23;34;3,53;27;3,18;48;3,64;22;3,77;19;3,68;41
Poland;POL;2016;3,49;3,35;3,64;31;24;38;79,9;3,26;32;3,08;46;3,46;24;3,47;33;3,54;27;4,13;15
Czech Republic;CZE;2016;3,49;3,31;3,67;32;21;39;79,8;3,24;33;3,29;36;3,59;13;3,51;29;3,56;25;3,73;39
Hungary;HUN;2016;3,46;3,32;3,61;33;25;39;78,9;2,97;48;3,18;40;3,40;32;3,33;37;3,82;15;4,06;20
South Africa;ZAF;2016;3,43;3,23;3,64;34;24;43;77,9;3,11;42;3,20;38;3,45;25;3,62;24;3,30;41;3,88;33
Thailand;THA;2016;3,43;3,33;3,53;35;29;39;77,8;3,21;36;3,40;30;3,30;39;3,29;38;3,45;33;3,96;29
Latvia;LVA;2016;3,40;3,20;3,61;36;25;44;77,0;3,22;35;3,03;51;3,38;33;3,21;42;3,50;30;4,06;19
Iceland;ISL;2016;3,39;3,13;3,65;37;22;49;76,6;3,54;22;3,34;33;3,15;49;3,46;34;3,38;35;3,51;53
Slovenia;SVN;2016;3,38;3,20;3,56;38;26;43;76,3;3,11;41;3,35;32;3,05;57;3,51;30;3,51;28;3,82;37
Estonia;EST;2016;3,35;3,00;3,69;39;20;58;75,1;3,40;26;3,34;35;3,34;34;3,27;39;3,20;47;3,55;49
Romania;ROM;2016;3,26;3,08;3,44;40;34;54;72,4;2,83;59;2,77;64;3,32;36;3,20;43;3,39;34;4,00;27
Israel;ISR;2016;3,26;3,11;3,41;41;36;50;72,4;3,10;43;3,11;45;2,71;96;3,35;36;3,20;46;4,18;12
Chile;CHL;2016;3,26;3,12;3,39;42;38;50;72,3;3,17;39;3,17;41;3,12;53;3,19;44;3,30;40;3,59;44
Slovak Republic;SVK;2016;3,25;3,03;3,48;43;33;55;72,2;2,89;52;3,22;37;3,30;38;3,16;46;3,02;63;3,94;30
Greece;GRC;2016;3,20;3,08;3,32;44;40;52;70,5;3,36;28;3,17;42;2,97;62;3,23;40;3,03;61;3,50;54
Panama;PAN;2016;3,19;3,00;3,38;45;38;57;70,3;3,15;40;3,00;52;3,18;47;2,87;68;3,34;37;3,63;42
Lithuania;LTU;2016;3,18;2,88;3,47;46;33;66;69,8;3,04;44;3,18;39;3,10;55;2,99;57;3,17;49;3,60;43
Bulgaria;BGR;2016;3,16;3,00;3,31;47;40;57;69,1;2,75;64;2,94;53;3,31;37;3,00;55;2,88;76;4,04;24
Vietnam;VNM;2016;3,15;2,99;3,32;48;40;59;69,0;2,81;61;3,11;44;3,22;42;3,09;49;3,19;48;3,49;56
Saudi Arabia;SAU;2016;3,15;3,10;3,20;49;45;51;68,8;2,86;56;3,34;34;2,93;70;3,11;48;3,15;54;3,55;47
Mexico;MEX;2016;3,13;3,03;3,23;50;44;55;68,2;2,69;70;3,04;50;3,19;46;3,12;47;3,14;55;3,57;46
Malta;MLT;2016;3,11;2,85;3,36;51;39;69;67,5;3,00;46;3,08;47;3,23;41;3,00;54;3,15;52;3,15;81
Bahrain;BHR;2016;3,08;2,45;3,71;52;20;124;66,7;3,29;30;3,04;49;3,04;58;3,04;51;3,29;42;2,80;119
Indonesia;IDN;2016;3,08;2,89;3,27;53;40;66;66,7;2,87;55;2,92;56;2,87;74;3,21;41;3,11;58;3,53;50
India;IND;2016;3,08;3,01;3,15;54;49;56;66,6;2,72;65;2,88;58;3,20;44;3,03;52;3,11;57;3,51;51
Croatia;HRV;2016;3,05;2,80;3,30;55;40;76;65,8;2,95;50;2,92;55;2,98;61;3,00;56;3,11;59;3,37;62
Kuwait;KWT;2016;3,01;2,79;3,23;56;44;77;64,4;2,69;68;3,16;43;2,76;89;2,96;59;3,16;50;3,39;60
Philippines;PHL;2016;3,00;2,78;3,23;57;44;78;64,2;3,00;47;2,60;75;3,33;35;2,93;61;3,00;64;3,07;90
Cyprus;CYP;2016;3,00;2,67;3,33;58;40;92;64,1;2,88;53;2,87;59;3,01;60;2,92;63;3,00;65;3,31;65
Oman;OMN;2016;3,00;2,85;3,14;59;50;69;63,9;2,63;74;2,88;57;3,41;31;2,84;73;2,84;80;3,29;67
Argentina;ARG;2016;2,99;2,87;3,10;60;52;68;63,6;2,55;85;2,83;63;2,96;64;2,93;62;3,15;53;3,49;55
Ukraine;UKR;2016;2,98;2,84;3,11;61;51;71;63,3;2,69;69;2,65;71;2,95;67;2,84;72;3,20;45;3,51;52
Egypt, Arab Rep.;EGY;2016;2,97;2,63;3,30;62;40;99;63,0;2,85;57;2,86;60;2,87;77;2,99;58;3,23;43;2,99;99
Serbia;SRB;2016;2,96;2,75;3,17;63;47;80;62,9;2,37;113;2,73;66;3,12;54;3,02;53;2,94;69;3,55;48
El Salvador;SLV;2016;2,96;2,81;3,11;64;51;74;62,8;2,93;51;2,63;72;3,20;45;3,16;45;3,00;66;2,75;128
Brazil;BRA;2016;2,94;2,84;3,05;65;56;70;62,3;2,48;94;2,93;54;2,80;81;3,05;50;3,03;62;3,39;61
Bahamas, The;BHS;2016;2,91;2,70;3,12;66;51;86;61,2;3,00;45;2,74;65;2,96;63;2,92;64;2,64;99;3,19;72
Montenegro;MNE;2016;2,88;2,59;3,16;67;47;104;60,1;2,83;60;2,84;62;3,15;51;2,45;117;2,76;84;3,19;73
Jordan;JOR;2016;2,87;2,70;3,05;68;56;86;60,0;2,60;78;2,59;76;2,96;65;2,94;60;2,67;96;3,46;58
Dominican Republic;DOM;2016;2,86;2,61;3,11;69;51;102;59,6;2,58;80;2,61;73;2,93;71;2,91;65;2,91;72;3,18;76
Jamaica;JAM;2016;2,84;2,45;3,24;70;44;125;59,0;2,88;54;2,84;61;2,79;86;2,72;84;2,72;89;3,14;83
Peru;PER;2016;2,84;2,69;2,99;71;60;90;59,0;2,47;96;2,72;67;2,94;69;2,78;76;2,81;83;3,30;66
Pakistan;PAK;2016;2,83;2,59;3,06;72;55;106;58,5;2,84;58;2,67;69;3,08;56;2,79;75;2,73;86;2,79;123
Malawi;MWI;2016;2,81;2,59;3,03;73;56;104;58,1;2,79;62;3,04;48;2,63;108;2,86;70;2,63;100;2,99;100
Kenya;KEN;2016;2,81;2,48;3,14;74;50;120;58,0;1,96;151;2,40;102;3,15;50;2,65;90;3,03;60;3,58;45
Nigeria;NGA;2016;2,81;2,62;3,00;75;59;100;57,9;2,35;117;2,56;83;2,63;107;2,70;85;3,16;51;3,46;57
Venezuela, RB;VEN;2016;2,81;2,63;2,99;76;60;99;57,9;2,39;109;2,61;74;2,94;68;2,76;77;2,92;70;3,18;74
Guatemala;GTM;2016;2,80;2,66;2,93;77;66;92;57,6;2,75;63;2,54;88;2,87;76;2,68;87;2,68;93;3,24;68
Paraguay;PRY;2016;2,78;2,64;2,92;78;66;96;57,0;2,49;90;2,46;97;2,83;79;2,76;78;2,89;74;3,22;70
Côte d'Ivoire;CIV;2016;2,76;2,53;2,99;79;60;112;56,4;2,33;120;2,41;101;2,87;75;2,62;95;2,97;67;3,31;64
Rwanda;RWA;2016;2,76;2,49;3,03;80;56;120;56,3;2,50;89;2,32;113;2,78;88;2,64;92;2,94;68;3,34;63
Bosnia and Herzegovina;BIH;2016;2,75;2,52;2,97;81;62;114;56,0;2,41;105;2,55;84;2,78;87;2,73;81;2,55;107;3,44;59
Maldives;MDV;2016;2,75;2,45;3,04;82;56;124;56,0;2,95;49;2,56;82;2,92;72;2,79;74;2,70;92;2,51;148
Cambodia;KHM;2016;2,74;2,44;3,04;83;56;125;55,8;2,67;71;2,58;79;2,83;78;2,67;89;2,92;71;2,75;129
Sco Tomi and Principe;STP;2016;2,73;2,46;3,01;84;56;124;55,5;2,42;103;2,59;78;2,95;66;2,50;109;3,13;56;2,77;125
Lebanon;LBN;2016;2,73;2,36;3,10;85;52;135;55,3;2,29;124;2,53;89;2,53;118;2,89;67;3,22;44;2,89;108
Ecuador;ECU;2016;2,71;2,53;2,89;86;67;112;54,8;2,49;92;2,50;94;2,79;83;2,61;97;2,67;95;3,18;77
Costa Rica;CRI;2016;2,70;2,53;2,87;87;69;112;54,5;2,39;110;2,43;99;2,63;106;2,86;69;2,83;82;3,04;95
Kazakhstan;KAZ;2016;2,70;2,47;2,93;88;66;121;54,4;2,33;121;2,38;106;2,68;100;2,72;83;2,83;81;3,24;69
Sri Lanka;LKA;2016;2,70;2,48;2,91;89;67;120;54,3;2,56;84;2,23;126;2,56;115;2,91;66;2,76;85;3,12;85
Russian Federation;RUS;2016;2,69;2,60;2,79;90;78;103;54,3;2,20;133;2,59;77;2,64;102;2,74;80;2,85;79;3,14;84
Uruguay;URY;2016;2,68;2,51;2,85;91;70;115;53,8;2,39;111;2,51;90;2,64;103;2,58;100;2,89;75;3,06;91
Armenia;ARM;2016;2,67;2,35;2,99;92;60;136;53,6;2,63;75;2,38;107;2,75;90;2,75;79;2,50;114;3,00;98
Namibia;NAM;2016;2,66;2,35;2,96;93;64;136;53,1;2,27;125;2,57;81;2,70;97;2,69;86;2,56;106;3,15;82
Moldova;MDA;2016;2,65;2,42;2,89;94;67;127;53,0;2,46;98;2,55;85;3,14;52;2,44;118;2,35;131;2,89;109
Nicaragua;NIC;2016;2,65;2,42;2,88;95;67;127;53,0;2,66;72;2,20;130;2,69;98;2,58;98;2,58;104;3,17;79
Algeria;DZA;2016;2,65;2,40;2,90;96;67;127;52,8;2,71;66;2,54;87;2,54;117;2,54;102;2,54;109;3,04;94
Colombia;COL;2016;2,64;2,45;2,83;97;72;125;52,5;2,59;79;2,44;98;2,72;95;2,64;91;2,55;108;2,87;111
Burkina Faso;BFA;2016;2,64;2,29;2,99;98;60;143;52,5;2,50;88;2,35;111;2,63;105;2,63;94;2,49;115;3,21;71
Belarus;BLR;2016;2,64;2,42;2,85;99;70;127;52,5;2,50;87;2,55;86;2,74;91;2,46;116;2,51;113;3,05;93
Ghana;GHA;2016;2,63;2,33;2,93;100;66;138;52,1;2,22;130;2,67;70;2,73;93;2,37;121;2,90;73;2,86;113
Senegal;SEN;2016;2,62;2,24;3,00;101;58;146;52,0;2,61;76;2,30;116;3,03;59;2,53;103;2,65;98;2,53;146
Liberia;LBR;2016;2,62;2,36;2,88;102;67;134;51,9;2,57;83;2,57;80;2,57;114;2,86;71;2,57;105;2,57;144
Honduras;HND;2016;2,61;2,42;2,79;103;78;127;51,5;2,70;67;2,24;124;2,79;85;2,47;112;2,61;101;2,79;121
Ethiopia;ETH;2016;2,59;2,04;3,15;104;49;158;51,0;2,42;102;2,17;134;2,50;121;2,62;96;2,67;97;3,17;78
Nepal;NPL;2016;2,59;2,38;2,80;105;77;132;50,9;2,31;123;2,26;122;2,64;104;2,50;107;2,72;87;3,06;92
Solomon Islands;SLB;2016;2,59;2,34;2,84;106;72;137;50,8;2,49;91;2,46;96;2,22;146;2,72;82;2,72;88;2,96;102
Burundi;BDI;2016;2,57;2,15;2,99;107;61;154;50,2;2,60;77;2,40;104;2,60;111;2,51;106;2,51;112;2,76;126
Bangladesh;BGD;2016;2,56;2,37;2,76;108;81;133;50,1;2,09;138;2,11;138;2,82;80;2,64;93;2,45;122;3,18;75
Benin;BEN;2016;2,56;2,16;2,96;109;64;153;50,0;2,64;73;2,35;109;2,69;99;2,35;123;2,45;123;2,85;115
Tunisia;TUN;2016;2,55;2,27;2,83;110;72;144;49,7;2,02;146;2,30;118;2,91;73;2,42;120;2,42;124;3,16;80
Fiji;FJI;2016;2,55;1,99;3,10;111;52;158;49,5;2,40;106;2,47;95;2,72;94;2,22;139;2,47;118;2,97;101
Angola;AGO;2016;2,54;2,29;2,80;112;77;143;49,4;2,37;114;2,11;140;2,79;84;2,31;128;2,59;103;3,02;96
Chad;TCD;2016;2,53;2,14;2,92;113;66;154;49,0;2,46;97;2,33;112;2,33;136;2,34;125;2,71;90;3,02;97
Tajikistan;TJK;2016;2,53;2,32;2,73;114;85;138;48,9;2,35;115;2,36;108;2,73;92;2,47;113;2,47;119;2,74;133
Mauritius;MUS;2016;2,51;2,22;2,81;115;73;148;48,5;2,25;128;2,50;91;2,63;109;2,48;110;2,34;133;2,88;110
Georgia;GEO;2016;2,51;2,33;2,69;116;91;138;48,3;2,21;131;2,42;100;2,32;138;2,44;119;2,59;102;3,09;87
Macedonia, FYR;MKD;2016;2,50;2,28;2,71;117;86;143;48,0;2,35;116;2,50;92;2,38;132;2,51;105;2,46;121;2,81;118
Libya;LBY;2016;2,50;2,28;2,72;118;86;143;47,9;2,41;104;2,29;119;2,29;140;2,29;131;2,85;78;2,85;114
Mali;MLI;2016;2,50;2,22;2,77;119;79;148;47,9;2,08;141;2,20;129;2,80;82;2,20;142;2,70;91;2,90;106
Botswana;BWA;2016;2,49;2,14;2,84;120;70;154;47,8;2,38;112;2,23;125;2,42;129;2,58;99;2,40;127;2,94;103
Bolivia;BOL;2016;2,48;2,16;2,80;121;78;152;47,4;2,40;108;2,17;133;2,35;135;2,68;88;2,68;94;2,60;141
Guinea;GIN;2016;2,46;2,24;2,69;122;91;146;46,9;2,34;119;2,10;141;2,47;125;2,35;124;2,41;126;3,10;86
Zambia;ZMB;2016;2,46;2,10;2,82;123;73;154;46,9;2,54;86;2,31;115;2,13;152;2,47;114;2,47;120;2,91;105
Guyana;GUY;2016;2,46;2,26;2,66;124;93;144;46,7;2,46;99;2,40;105;2,43;128;2,27;133;2,47;117;2,74;131
Azerbaijan;AZE;2016;2,45;2,15;2,75;125;81;154;46,4;2,57;82;2,71;68;2,57;113;2,14;149;2,14;148;2,57;143
Papua New Guinea;PNG;2016;2,43;2,15;2,71;126;86;154;45,8;2,40;107;2,23;127;2,47;126;2,47;115;2,27;141;2,73;135
Guinea-Bissau;GNB;2016;2,43;2,05;2,81;127;77;158;45,7;2,43;101;2,29;121;2,29;141;2,57;101;2,29;139;2,71;136
Comoros;COM;2016;2,40;2,15;2,65;128;96;153;44,9;2,58;81;2,30;117;2,51;119;2,26;134;2,37;128;2,37;154
Uzbekistan;UZB;2016;2,39;2,13;2,66;129;94;154;44,7;1,80;157;2,01;148;2,23;145;2,37;122;2,87;77;3,08;88
Niger;NER;2016;2,39;2,09;2,70;130;89;155;44,6;2,49;93;2,08;143;2,38;130;2,28;132;2,36;129;2,76;127
Lao PDR;LAO;2016;2,39;2,10;2,68;131;92;154;44,5;2,45;100;2,21;128;2,50;120;2,31;129;2,20;146;2,65;137
Madagascar;MDG;2016;2,38;2,13;2,64;132;98;154;44,3;2,06;144;2,15;136;2,38;133;2,33;127;2,29;138;3,07;89
Lesotho;LSO;2016;2,37;2,04;2,71;133;87;158;44,0;2,22;129;2,35;110;2,48;122;2,23;137;2,35;132;2,60;139
Central African Republic;CAF;2016;2,36;1,89;2,84;134;72;158;43,6;2,47;95;2,50;93;2,16;149;2,31;130;2,31;137;2,47;150
Mongolia;MNG;2016;2,36;2,09;2,62;135;102;155;43,4;2,20;132;2,29;120;2,62;110;2,33;126;2,13;149;2,51;147
Equatorial Guinea;GNQ;2016;2,35;1,98;2,73;136;85;158;43,4;2,35;118;2,11;139;2,11;153;2,20;143;2,53;110;2,86;112
Zimbabwe;ZWE;2016;2,34;1,98;2,70;137;87;158;42,9;1,89;154;2,25;123;2,25;143;2,50;108;2,22;143;2,93;104
Tanzania;TZA;2016;2,33;2,10;2,56;138;108;154;42,6;2,19;135;2,32;114;2,32;137;2,18;145;2,11;150;2,89;107
Togo;TGO;2016;2,32;2,04;2,59;139;105;158;42,2;2,09;139;2,07;145;2,47;124;2,14;150;2,49;116;2,60;140
Turkmenistan;TKM;2016;2,30;2,04;2,57;140;107;158;41,8;2,31;122;2,06;146;2,56;116;2,07;155;2,32;134;2,45;153
Iraq;IRQ;2016;2,30;2,05;2,55;141;111;158;41,6;1,98;149;2,18;131;2,31;139;2,15;147;2,31;136;2,85;116
Cameroon;CMR;2016;2,30;2,04;2,55;142;110;158;41,5;1,86;156;1,85;154;2,20;147;2,52;104;2,52;111;2,80;120
Bhutan;BTN;2016;2,29;1,99;2,59;143;104;158;41,3;2,09;140;2,18;132;2,38;131;2,48;111;2,28;140;2,28;158
Haiti;HTI;2016;2,27;2,08;2,46;144;124;156;40,7;2,25;127;2,00;151;2,27;142;2,14;148;2,32;135;2,63;138
Myanmar;MMR;2016;2,25;2,02;2,48;145;122;158;40,0;1,97;150;2,14;137;2,14;151;2,07;156;2,36;130;2,83;117
Gambia, The;GMB;2016;2,25;2,03;2,47;146;122;158;40,0;2,06;143;2,00;149;2,67;101;2,22;138;2,00;154;2,46;151
Mozambique;MOZ;2016;2,23;1,85;2,61;147;103;159;39,4;2,26;126;2,15;135;2,08;154;2,10;153;2,08;152;2,74;134
Mauritania;MRT;2016;2,23;1,86;2,60;148;104;159;39,4;1,93;152;2,40;103;2,07;155;2,06;157;2,23;142;2,75;130
Kyrgyz Republic;KGZ;2016;2,21;1,95;2,47;149;122;158;38,7;2,03;145;2,05;147;2,43;127;2,13;151;2,20;145;2,36;155
Gabon;GAB;2016;2,20;1,95;2,45;150;125;158;38,5;2,00;148;2,08;142;2,58;112;2,25;135;1,92;157;2,31;157
Yemen, Rep.;YEM;2016;2,18;1,67;2,69;151;91;160;37,9;1,63;159;1,87;153;2,35;134;2,21;141;2,21;144;2,78;124
Cuba;CUB;2016;2,18;1,91;2,45;152;126;158;37,8;2,17;136;1,84;155;2,47;123;2,08;154;1,99;156;2,45;152
Sudan;SDN;2016;2,16;1,93;2,39;153;132;158;37,2;1,87;155;1,90;152;2,23;144;2,18;144;2,42;125;2,33;156
Djibouti;DJI;2016;2,15;1,80;2,50;154;117;159;36,8;2,20;134;2,00;150;1,80;158;2,21;140;2,00;155;2,74;132
Syrian Arab Republic;SYR;2016;2,09;1,81;2,37;155;134;159;34,9;2,07;142;2,08;144;2,15;150;1,82;159;1,90;158;2,53;145
Eritrea;ERI;2016;2,08;1,78;2,39;156;132;159;34,7;1,90;153;1,68;159;1,90;157;2,23;136;2,01;153;2,79;122
Congo, Rep.;COG;2016;2,08;1,83;2,33;157;139;159;34,5;1,50;160;1,83;157;2,17;148;2,17;146;2,17;147;2,58;142
Afghanistan;AFG;2016;2,07;1,97;2,16;158;153;158;34,3;2,16;137;1,82;158;1,99;156;2,12;152;1,85;159;2,48;149
Congo, Dem. Rep.;ZAR;2016;1,88;1,60;2,15;159;154;160;28,2;1,78;158;1,83;156;1,70;160;1,84;158;2,10;151;2,04;159
Somalia;SOM;2016;1,77;1,32;2,23;160;149;160;24,8;2,00;147;1,50;160;1,75;159;1,75;160;1,75;160;1,88;160
Germany;DEU;2018;4,20;4,16;4,25;1;1;1;102,55;4,09;1;4,37;1;3,86;;;;;;;
Sweden;SWE;2018;4,05;3,90;4,20;2;2;12;97,79;4,05;2;4,24;3;3,92;;;;;;;
Belgium;BEL;2018;4,04;3,92;4,16;3;2;12;97,34;3,66;14;3,98;14;3,99;;;;;;;
Austria;AUT;2018;4,03;3,88;4,17;4;2;14;96,93;3,71;12;4,18;5;3,88;;;;;;;
Japan;JPN;2018;4,03;3,96;4,09;5;2;10;96,91;3,99;3;4,25;2;3,59;;;;;;;
Netherlands;NLD;2018;4,02;3,95;4,09;6;2;11;96,71;3,92;5;4,21;4;3,68;;;;;;;
Singapore;SGP;2018;4,00;3,86;4,13;7;2;15;95,97;3,89;6;4,06;6;3,58;;;;;;;
Denmark;DNK;2018;3,99;3,82;4,16;8;2;17;95,83;3,92;4;3,96;17;3,53;;;;;;;
United Kingdom;GBR;2018;3,99;3,93;4,05;9;3;11;95,68;3,77;11;4,03;8;3,67;;;;;;;
Finland;FIN;2018;3,97;3,68;4,26;10;1;21;95,10;3,82;8;4,00;11;3,56;;;;;;;
United Arab Emirates;ARE;2018;3,96;3,86;4,05;11;2;15;94,70;3,63;15;4,02;10;3,85;;;;;;;
Hong Kong SAR, China;HKG;2018;3,92;3,83;4,01;12;7;17;93,53;3,81;9;3,97;15;3,77;;;;;;;
Switzerland;CHE;2018;3,90;3,80;4,00;13;7;17;92,93;3,63;16;4,02;9;3,51;;;;;;;
United States;USA;2018;3,89;3,83;3,94;14;12;17;92,41;3,78;10;4,05;7;3,51;;;;;;;
New Zealand;NZL;2018;3,88;3,63;4,12;15;2;23;92,11;3,71;13;3,99;13;3,43;;;;;;;
France;FRA;2018;3,84;3,79;3,90;16;14;17;91,11;3,59;19;4,00;12;3,55;;;;;;;
Spain;ESP;2018;3,83;3,74;3,92;17;12;18;90,69;3,62;17;3,84;19;3,83;;;;;;;
Australia;AUS;2018;3,75;3,60;3,90;18;14;26;88,13;3,87;7;3,97;16;3,25;;;;;;;
Italy;ITA;2018;3,74;3,68;3,80;19;18;22;87,74;3,47;23;3,85;18;3,51;;;;;;;
Canada;CAN;2018;3,73;3,56;3,89;20;14;27;87,34;3,60;18;3,75;21;3,38;;;;;;;
Norway;NOR;2018;3,70;3,45;3,94;21;12;30;86,38;3,52;21;3,69;24;3,43;;;;;;;
Czech Republic;CZE;2018;3,68;3,53;3,83;22;17;28;85,85;3,29;30;3,46;26;3,75;;;;;;;
Portugal;PRT;2018;3,64;3,44;3,85;23;16;30;84,66;3,17;35;3,25;32;3,83;;;;;;;
Luxembourg;LUX;2018;3,63;3,45;3,81;24;18;30;84,24;3,53;20;3,63;25;3,37;;;;;;;
Korea, Rep.;KOR;2018;3,61;3,49;3,74;25;20;29;83,67;3,40;25;3,73;22;3,33;;;;;;;
China;CHN;2018;3,61;3,55;3,66;26;23;27;83,45;3,29;31;3,75;20;3,54;;;;;;;
Taiwan, China;TWN;2018;3,60;3,42;3,78;27;18;31;83,27;3,47;22;3,72;23;3,48;;;;;;;
Poland;POL;2018;3,54;3,35;3,73;28;20;33;81,34;3,25;33;3,21;35;3,68;;;;;;;
Ireland;IRL;2018;3,51;3,28;3,74;29;20;37;80,41;3,36;26;3,29;29;3,42;;;;;;;
Qatar;QAT;2018;3,47;3,21;3,74;30;19;41;79,25;3,00;38;3,38;27;3,75;;;;;;;
Hungary;HUN;2018;3,42;3,25;3,59;31;28;39;77,48;3,35;27;3,27;30;3,22;;;;;;;
Thailand;THA;2018;3,41;3,29;3,53;32;29;37;77,23;3,14;36;3,14;41;3,46;;;;;;;
South Africa;ZAF;2018;3,38;3,25;3,51;33;30;39;76,11;3,17;34;3,19;36;3,51;;;;;;;
Chile;CHL;2018;3,32;3,21;3,43;34;31;41;74,22;3,27;32;3,21;34;3,27;;;;;;;
Slovenia;SVN;2018;3,31;3,08;3,55;35;28;49;74,14;3,42;24;3,26;31;3,19;;;;;;;
Estonia;EST;2018;3,31;3,06;3,56;36;28;50;74,04;3,32;28;3,10;44;3,26;;;;;;;
Israel;ISR;2018;3,31;3,13;3,49;37;30;47;73,92;3,32;29;3,33;28;2,78;;;;;;;
Panama;PAN;2018;3,28;3,12;3,43;38;31;47;72,90;2,87;45;3,13;42;3,31;;;;;;;
Vietnam;VNM;2018;3,27;3,11;3,44;39;31;48;72,84;2,95;41;3,01;47;3,16;;;;;;;
Iceland;ISL;2018;3,23;2,80;3,65;40;23;72;71,27;2,77;54;3,19;37;2,79;;;;;;;
Malaysia;MYS;2018;3,22;3,00;3,44;41;31;55;71,14;2,90;43;3,15;40;3,35;;;;;;;
Greece;GRC;2018;3,20;3,04;3,37;42;34;51;70,61;2,84;47;3,17;38;3,30;;;;;;;
Oman;OMN;2018;3,20;2,93;3,47;43;31;59;70,37;2,87;44;3,16;39;3,30;;;;;;;
India;IND;2018;3,18;3,10;3,26;44;40;49;69,72;2,96;40;2,91;52;3,21;;;;;;;
Cyprus;CYP;2018;3,15;2,85;3,45;45;31;64;68,89;3,05;37;2,89;55;3,15;;;;;;;
Indonesia;IDN;2018;3,15;2,85;3,45;46;31;64;68,87;2,67;62;2,90;54;3,23;;;;;;;
Turkey;TUR;2018;3,15;3,05;3,24;47;40;51;68,73;2,71;58;3,21;33;3,06;;;;;;;
Romania;ROM;2018;3,12;3,01;3,23;48;40;55;67,86;2,58;80;2,91;51;3,18;;;;;;;
Croatia;HRV;2018;3,10;2,84;3,37;49;34;65;67,40;2,98;39;3,01;46;2,93;;;;;;;
Côte d'Ivoire;CIV;2018;3,08;2,86;3,30;50;38;63;66,70;2,78;51;2,89;56;3,21;;;;;;;
Mexico;MEX;2018;3,05;2,90;3,20;51;43;60;65,71;2,77;53;2,85;57;3,10;;;;;;;
Bulgaria;BGR;2018;3,03;2,84;3,23;52;40;64;65,15;2,94;42;2,76;64;3,23;;;;;;;
Slovak Republic;SVK;2018;3,03;2,69;3,36;53;34;82;64,93;2,79;50;3,00;48;3,10;;;;;;;
Lithuania;LTU;2018;3,02;2,76;3,28;54;38;74;64,62;2,85;46;2,73;66;2,79;;;;;;;
Saudi Arabia;SAU;2018;3,01;2,83;3,19;55;44;66;64,42;2,66;66;3,11;43;2,99;;;;;;;
Brazil;BRA;2018;2,99;2,85;3,12;56;48;64;63,61;2,41;102;2,93;50;2,88;;;;;;;
Rwanda;RWA;2018;2,97;2,66;3,29;57;38;86;63,25;2,67;64;2,76;65;3,39;;;;;;;
Colombia;COL;2018;2,94;2,77;3,11;58;49;74;62,19;2,61;75;2,67;72;3,19;;;;;;;
Bahrain;BHR;2018;2,93;2,75;3,12;59;48;76;61,97;2,67;63;2,72;68;3,02;;;;;;;
Philippines;PHL;2018;2,90;2,73;3,07;60;51;77;60,98;2,53;85;2,73;67;3,29;;;;;;;
Argentina;ARG;2018;2,89;2,80;2,98;61;57;72;60,44;2,42;98;2,77;62;2,92;;;;;;;
Ecuador;ECU;2018;2,88;2,72;3,05;62;52;79;60,27;2,80;48;2,72;69;2,75;;;;;;;
Kuwait;KWT;2018;2,86;2,54;3,18;63;44;108;59,62;2,73;56;3,02;45;2,63;;;;;;;
Iran, Islamic Rep.;IRN;2018;2,85;2,50;3,20;64;43;114;59,34;2,63;71;2,77;63;2,76;;;;;;;
Serbia;SRB;2018;2,84;2,59;3,09;65;50;96;58,97;2,60;78;2,60;74;2,97;;;;;;;
Ukraine;UKR;2018;2,83;2,62;3,04;66;52;91;58,62;2,49;89;2,22;119;2,83;;;;;;;
Egypt, Arab Rep.;EGY;2018;2,82;2,48;3,17;67;45;115;58,45;2,60;77;2,82;58;2,79;;;;;;;
Kenya;KEN;2018;2,81;2,62;3,01;68;55;91;58,13;2,65;67;2,55;79;2,62;;;;;;;
Malta;MLT;2018;2,81;2,41;3,21;69;42;125;58,10;2,70;60;2,90;53;2,70;;;;;;;
Latvia;LVA;2018;2,81;2,62;3,00;70;56;90;57,97;2,80;49;2,98;49;2,74;;;;;;;
Kazakhstan;KAZ;2018;2,81;2,63;2,99;71;56;90;57,97;2,66;65;2,55;81;2,73;;;;;;;
Bosnia and Herzegovina;BIH;2018;2,81;2,62;3,00;72;56;91;57,93;2,63;69;2,42;97;2,84;;;;;;;
Costa Rica;CRI;2018;2,79;2,63;2,95;73;58;90;57,39;2,63;70;2,49;84;2,78;;;;;;;
Paraguay;PRY;2018;2,78;2,58;2,99;74;56;98;57,09;2,64;68;2,55;80;2,69;;;;;;;
Russian Federation;RUS;2018;2,76;2,65;2,87;75;63;89;56,27;2,42;97;2,78;61;2,64;;;;;;;
Benin;BEN;2018;2,75;2,54;2,96;76;58;109;56,05;2,56;82;2,50;83;2,73;;;;;;;
Montenegro;MNE;2018;2,75;2,56;2,93;77;60;106;55,91;2,56;83;2,57;75;2,68;;;;;;;
Mauritius;MUS;2018;2,73;2,45;3,01;78;55;116;55,51;2,71;59;2,80;59;2,12;;;;;;;
Lebanon;LBN;2018;2,72;2,43;3,00;79;56;119;54,99;2,38;106;2,64;73;2,80;;;;;;;
Brunei Darussalam;BRN;2018;2,71;2,51;2,91;80;60;114;54,66;2,62;73;2,46;89;2,51;;;;;;;
Macedonia, FYR;MKD;2018;2,70;2,44;2,97;81;58;119;54,61;2,45;91;2,47;87;2,84;;;;;;;
Lao PDR;LAO;2018;2,70;2,47;2,93;82;60;115;54,46;2,61;74;2,44;91;2,72;;;;;;;
Peru;PER;2018;2,69;2,48;2,91;83;60;115;54,24;2,53;86;2,28;111;2,84;;;;;;;
Jordan;JOR;2018;2,69;2,52;2,86;84;64;112;54,07;2,49;88;2,72;70;2,44;;;;;;;
Uruguay;URY;2018;2,69;2,50;2,87;85;63;114;53,97;2,51;87;2,43;94;2,73;;;;;;;
Maldives;MDV;2018;2,67;2,44;2,89;86;61;119;53,35;2,40;105;2,72;71;2,66;;;;;;;
Dominican Republic;DOM;2018;2,66;2,49;2,84;87;66;115;53,23;2,41;103;2,36;105;2,77;;;;;;;
Albania;ALB;2018;2,66;2,46;2,86;88;64;115;53,16;2,35;114;2,29;110;2,82;;;;;;;
São Tomé and Principe;STP;2018;2,65;2,47;2,84;89;66;115;52,95;2,71;57;2,33;106;2,42;;;;;;;
Djibouti;DJI;2018;2,63;2,37;2,90;90;61;130;52,36;2,35;113;2,79;60;2,45;;;;;;;
Burkina Faso;BFA;2018;2,62;2,34;2,90;91;61;133;51,94;2,41;100;2,43;95;2,92;;;;;;;
Armenia;ARM;2018;2,61;2,42;2,80;92;73;122;51,49;2,57;81;2,48;86;2,65;;;;;;;
Honduras;HND;2018;2,60;2,45;2,76;93;76;116;51,37;2,24;125;2,47;88;2,66;;;;;;;
Sri Lanka;LKA;2018;2,60;2,32;2,87;94;63;135;51,18;2,58;79;2,49;85;2,51;;;;;;;
Cameroon;CMR;2018;2,60;2,38;2,81;95;73;129;51,11;2,46;90;2,57;76;2,87;;;;;;;
Mali;MLI;2018;2,59;2,30;2,88;96;63;136;50,94;2,15;133;2,30;109;2,70;;;;;;;
Malawi;MWI;2018;2,59;2,28;2,89;97;61;138;50,79;2,43;94;2,18;126;2,55;;;;;;;
Cambodia;KHM;2018;2,58;2,38;2,78;98;75;129;50,56;2,37;109;2,14;130;2,79;;;;;;;
Uzbekistan;UZB;2018;2,58;2,38;2,77;99;75;129;50,52;2,10;140;2,57;77;2,42;;;;;;;
Bangladesh;BGD;2018;2,58;2,34;2,82;100;68;134;50,50;2,30;121;2,39;100;2,56;;;;;;;
El Salvador;SLV;2018;2,58;2,45;2,70;101;82;118;50,47;2,30;120;2,25;114;2,71;;;;;;;
Uganda;UGA;2018;2,58;2,34;2,81;102;73;133;50,46;2,61;76;2,19;124;2,76;;;;;;;
Belarus;BLR;2018;2,57;2,41;2,74;103;78;125;50,44;2,35;112;2,44;92;2,31;;;;;;;
Solomon Islands;SLB;2018;2,57;2,23;2,91;104;60;143;50,33;2,77;52;2,21;120;2,20;;;;;;;
Tunisia;TUN;2018;2,57;2,38;2,76;105;75;129;50,27;2,38;107;2,10;133;2,50;;;;;;;
Ghana;GHA;2018;2,57;2,29;2,85;106;65;138;50,14;2,45;92;2,44;90;2,53;;;;;;;
Comoros;COM;2018;2,56;2,20;2,91;107;60;144;49,88;2,63;72;2,25;113;2,49;;;;;;;
Kyrgyz Republic;KGZ;2018;2,55;2,29;2,80;108;73;138;49,52;2,75;55;2,38;103;2,22;;;;;;;
Morocco;MAR;2018;2,54;2,35;2,73;109;79;133;49,32;2,33;115;2,43;93;2,58;;;;;;;
Nigeria;NGA;2018;2,53;2,21;2,86;110;64;144;49,07;1,97;147;2,56;78;2,52;;;;;;;
Zambia;ZMB;2018;2,53;2,36;2,69;111;84;130;48,89;2,18;129;2,30;108;3,05;;;;;;;
Bahamas, The;BHS;2018;2,53;2,37;2,69;112;85;130;48,86;2,68;61;2,41;98;2,50;;;;;;;
Jamaica;JAM;2018;2,52;2,32;2,72;113;79;135;48,64;2,42;99;2,32;107;2,53;;;;;;;
Nepal;NPL;2018;2,51;2,28;2,75;114;77;138;48,46;2,29;122;2,19;123;2,36;;;;;;;
Congo, Rep.;COG;2018;2,49;2,12;2,85;115;65;151;47,59;2,27;123;2,07;138;2,87;;;;;;;
Moldova;MDA;2018;2,46;2,30;2,62;116;92;137;46,63;2,25;124;2,02;141;2,69;;;;;;;
Algeria;DZA;2018;2,45;2,21;2,69;117;85;143;46,38;2,13;138;2,42;96;2,39;;;;;;;
Togo;TGO;2018;2,45;2,16;2,74;118;78;150;46,36;2,31;119;2,23;116;2,52;;;;;;;
Georgia;GEO;2018;2,44;2,19;2,69;119;84;146;46,21;2,42;95;2,38;102;2,38;;;;;;;
Congo, Dem. Rep.;ZAR;2018;2,43;2,28;2,57;120;104;138;45,75;2,37;108;2,12;132;2,37;;;;;;;
Sudan;SDN;2018;2,43;2,23;2,62;121;91;141;45,73;2,14;136;2,18;125;2,58;;;;;;;
Pakistan;PAK;2018;2,42;2,26;2,58;122;98;140;45,46;2,12;139;2,20;121;2,63;;;;;;;
Chad;TCD;2018;2,42;2,07;2,76;123;75;156;45,40;2,15;134;2,37;104;2,37;;;;;;;
Trinidad and Tobago;TTO;2018;2,42;2,22;2,61;124;93;143;45,34;2,42;96;2,38;101;2,59;;;;;;;
Guatemala;GTM;2018;2,41;2,22;2,61;125;93;143;45,31;2,16;132;2,20;122;2,33;;;;;;;
Turkmenistan;TKM;2018;2,41;2,23;2,59;126;97;141;45,16;2,35;111;2,23;117;2,29;;;;;;;
Gambia, The;GMB;2018;2,40;2,11;2,69;127;84;153;44,88;2,08;141;1,82;155;2,71;;;;;;;
Madagascar;MDG;2018;2,39;2,19;2,59;128;97;146;44,50;2,32;118;2,16;128;2,19;;;;;;;
Guinea-Bissau;GNB;2018;2,39;2,11;2,67;129;86;153;44,43;2,01;144;1,78;159;2,53;;;;;;;
Mongolia;MNG;2018;2,37;2,17;2,58;130;100;148;43,99;2,22;127;2,10;135;2,49;;;;;;;
Bolivia;BOL;2018;2,36;2,19;2,52;131;113;146;43,51;2,32;117;2,15;129;2,54;;;;;;;
Guyana;GUY;2018;2,36;2,20;2,52;132;114;145;43,51;2,55;84;2,09;137;2,17;;;;;;;
Fiji;FJI;2018;2,35;2,10;2,60;133;94;154;43,30;2,41;101;2,40;99;2,16;;;;;;;
Tajikistan;TJK;2018;2,34;2,12;2,56;134;108;151;42,91;1,92;150;2,17;127;2,31;;;;;;;
Mauritania;MRT;2018;2,33;2,11;2,55;135;108;153;42,64;2,20;128;2,26;112;2,19;;;;;;;
Equatorial Guinea;GNQ;2018;2,32;1,93;2,70;136;82;160;42,21;1,91;151;1,88;151;2,88;;;;;;;
Myanmar;MMR;2018;2,30;2,10;2,50;137;115;154;41,57;2,17;131;1,99;143;2,20;;;;;;;
Syrian Arab Republic;SYR;2018;2,30;2,08;2,51;138;115;155;41,50;1,82;154;2,51;82;2,37;;;;;;;
Lesotho;LSO;2018;2,28;1,99;2,56;139;107;159;40,91;2,36;110;1,96;145;2,21;;;;;;;
Yemen, Rep.;YEM;2018;2,27;1,82;2,71;140;80;160;40,53;2,40;104;2,12;131;2,21;;;;;;;
Senegal;SEN;2018;2,25;2,01;2,50;141;115;159;40,11;2,17;130;2,22;118;2,36;;;;;;;
Venezuela, RB;VEN;2018;2,23;2,08;2,38;142;130;156;39,37;1,79;156;2,10;134;2,38;;;;;;;
Liberia;LBR;2018;2,23;1,97;2,49;143;115;159;39,37;1,91;152;1,91;149;2,08;;;;;;;
Somalia;SOM;2018;2,21;1,97;2,45;144;117;159;38,72;2,00;145;1,81;157;2,61;;;;;;;
Guinea;GIN;2018;2,20;1,99;2,41;145;126;159;38,46;2,45;93;1,56;160;2,32;;;;;;;
Cuba;CUB;2018;2,20;2,00;2,39;146;128;159;38,35;2,03;143;2,04;139;2,27;;;;;;;
Iraq;IRQ;2018;2,18;2,04;2,31;147;137;159;37,68;1,84;153;2,03;140;2,32;;;;;;;
Papua New Guinea;PNG;2018;2,17;1,95;2,40;148;128;159;37,61;2,32;116;1,97;144;2,15;;;;;;;
Bhutan;BTN;2018;2,17;1,95;2,39;149;129;159;37,44;2,14;135;1,91;150;1,80;;;;;;;
Gabon;GAB;2018;2,16;1,87;2,45;150;117;160;37,22;1,96;148;2,09;136;2,10;;;;;;;
Central African Republic;CAF;2018;2,15;1,81;2,48;151;116;160;36,78;2,24;126;1,93;148;2,30;;;;;;;
Zimbabwe;ZWE;2018;2,12;1,84;2,40;152;128;160;35,88;2,00;146;1,83;154;2,06;;;;;;;
Haiti;HTI;2018;2,11;1,95;2,27;153;140;159;35,63;2,03;142;1,94;147;2,01;;;;;;;
Libya;LBY;2018;2,11;1,89;2,32;154;136;160;35,44;1,95;149;2,25;115;1,99;;;;;;;
Eritrea;ERI;2018;2,09;1,79;2,38;155;130;160;34,82;2,13;137;1,86;152;2,09;;;;;;;
Sierra Leone;SLE;2018;2,08;1,85;2,31;156;137;160;34,53;1,82;155;1,82;156;2,18;;;;;;;
Niger;NER;2018;2,07;1,66;2,48;157;116;160;34,27;1,77;157;2,00;142;2,00;;;;;;;
Burundi;BDI;2018;2,06;1,85;2,28;158;139;160;34,07;1,69;159;1,95;146;2,21;;;;;;;
Angola;AGO;2018;2,05;1,85;2,25;159;142;160;33,51;1,57;160;1,86;153;2,20;;;;;;;
Afghanistan;AFG;2018;1,95;1,79;2,11;160;155;160;30,38;1,73;158;1,81;158;2,10;;;;;;;